timestamp,open,high,low,close,volume,close_timestamp,quote_asset_volume,number_of_trades,taker_buy_base_asset_volume,taker_buy_quote_asset_volume
1509926400000,1.5,2.1997,0.5,1.49,2089730,1510531199999,3707030.0,9992,845354.0,1540240.0
1510531200000,1.5,1.7381,1.49,1.6,1610933,1511135999999,2541310.0,8680,564463.0,906500.0
1511136000000,1.6,1.9588,1.5388,1.8388,2267429,1511740799999,3808340.0,10445,1041250.0,1769610.0
1511740800000,1.8388,2.4,1.55,2.2617,3432683,1512345599999,6611040.0,20438,1794820.0,3490760.0
1512345600000,2.2617,2.84,2.1315,2.4619,3416358,1512950399999,8634100.0,34630,1650780.0,4254550.0
1512950400000,2.4616,6.7,2.265,5.999,5874949,1513555199999,22688800.0,58729,2923720.0,11289600.0
1513555200000,5.999,6.463,3.25,5.181,9219972,1514159999999,46515400.0,140591,4132280.0,20855700.0
1514160000000,5.1899,11.3,5.029,8.53,14345937,1514764799999,120932000.0,433078,7070280.0,59582400.0
1514764800000,8.5478,23.6,7.8,18.594,11268089,1515369599999,156651000.0,277796,5837940.0,83167100.0
1515369600000,18.5375,25.18,13.66,20.4541,13503239,1515974399999,262106000.0,396861,6656760.0,129964000.0
1515974400000,20.4546,23.231,9.4001,14.1334,37832512,1516579199999,540681000.0,667114,18062200.0,259494000.0
1516579200000,14.1334,14.4978,11.6101,13.7739,12742978,1517183999999,168273000.0,318094,5882270.0,77771800.0
1517184000000,13.7739,13.87,7.3,8.3511,13684581,1517788799999,136075000.0,507890,5813400.0,57149200.0
1517788800000,8.4003,10.4444,5.5233,8.674,22565490,1518393599999,185152000.0,648228,10860400.0,89437600.0
1518393600000,8.6739,11.8461,8.659,10.6631,16513923,1518998399999,171804000.0,628643,8133280.0,84681500.0
1518998400000,10.6631,11.2,8.6,9.35,11631852,1519603199999,113683000.0,466691,5514340.0,53814000.0
1519603200000,9.3677,11.1743,9.09,10.4139,8416565,1520207999999,87592900.0,317541,3995560.0,41614200.0
1520208000000,10.4139,10.4533,7.06,8.268,13040349,1520812799999,110606000.0,383489,6868270.0,58278700.0
1520812800000,8.2679,11.0,7.66,8.9648,31143427,1521417599999,284401000.0,577404,16593300.0,151580000.0
1521417600000,8.9664,14.9444,8.45,12.95,37630285,1522022399999,416216000.0,775195,19188700.0,211497000.0
1522022400000,12.95,13.04,9.6305,11.0767,28453877,1522627199999,318135000.0,681910,14461600.0,161876000.0
1522627200000,11.0956,13.9701,10.9815,12.1311,28559138,1523231999999,356269000.0,577829,14582600.0,181814000.0
1523232000000,12.1244,13.88,11.51,13.0989,27459883,1523836799999,347945000.0,558004,13823100.0,175490000.0
1523836800000,13.0985,13.74,11.511,12.8888,20152480,1524441599999,251942000.0,465058,9873110.0,123672000.0
1524441600000,12.8887,15.9,12.82,15.0489,28142647,1525046399999,404466000.0,587749,14431000.0,207871000.0
1525046400000,15.0489,15.15,13.5,14.012,14502688,1525651199999,208022000.0,383693,7555400.0,108419000.0
1525651200000,13.9993,15.05,12.1242,13.1515,12065970,1526255999999,163485000.0,368397,6053360.0,82184700.0
1526256000000,13.1624,16.276,11.88,14.1666,17048820,1526860799999,236303000.0,392441,8957060.0,124268000.0
1526860800000,14.1664,14.85,12.1,12.6046,12302979,1527465599999,165321000.0,307843,6584040.0,88782600.0
1527465600000,12.596,15.0254,11.611,14.6995,13348171,1528070399999,182640000.0,265218,7882370.0,108388000.0
1528070400000,14.666,17.4767,13.4,14.18,18748761,1528675199999,297010000.0,415738,10089500.0,160492000.0
1528675200000,14.18,17.2,13.6712,16.5987,20062689,1529279999999,306801000.0,489899,10367200.0,158534000.0
1529280000000,16.6105,17.38,13.3419,14.4174,19811039,1529884799999,315938000.0,514252,10302300.0,164488000.0
1529884800000,14.4174,15.1532,13.734,14.37,12756711,1530489599999,183661000.0,317381,6664460.0,96077200.0
1530489600000,14.3679,14.81,13.1402,14.01,11179751,1531094399999,157039000.0,343628,5680840.0,79773100.0
1531094400000,14.0096,14.0497,11.802,12.321,7857420,1531699199999,99243000.0,268504,4362720.0,55017300.0
1531699200000,12.321,13.9,11.8087,12.1885,11468150,1532303999999,148911000.0,349794,5913790.0,76892900.0
1532304000000,12.1594,14.8886,11.6358,13.9569,12439101,1532908799999,166232000.0,345817,6714720.0,90097100.0
1532908800000,13.9353,14.47,13.0,13.64,10352244,1533513599999,141893000.0,268541,5543440.0,76109600.0
1533513600000,13.6407,13.975,11.3,11.7999,8510942,1534118399999,107391000.0,224402,4516510.0,57128100.0
1534118400000,11.7999,11.8899,8.5318,10.1388,9487657,1534723199999,95179900.0,243333,4909590.0,49226900.0
1534723200000,10.1304,10.3,9.1803,10.2158,4934237,1535327999999,48623400.0,132587,2550910.0,25173100.0
1535328000000,10.2082,11.57,10.1023,11.3684,7551805,1535932799999,83299200.0,192358,3992730.0,44061900.0
1535932800000,11.366,11.5886,9.1535,9.5399,5023996,1536537599999,52305600.0,154853,2617410.0,27376900.0
1536537600000,9.4999,10.242,9.01,9.9399,5898684,1537142399999,57014200.0,157453,3263770.0,31592000.0
1537142400000,9.9281,10.6,9.22,10.2907,7009278,1537747199999,69444000.0,177197,4134280.0,40981900.0
1537747200000,10.3,10.3599,9.3612,10.0172,6215235,1538351999999,61715000.0,155009,3526650.0,35076900.0
1538352000000,10.0172,10.77,9.85,10.5852,9652911,1538956799999,99755600.0,126665,5914560.0,61156000.0
1538956800000,10.5852,10.6929,9.22,9.5895,7408977,1539561599999,74345500.0,111301,4336650.0,43559600.0
1539561600000,9.5883,11.0,9.5106,9.9311,9755639,1540166399999,99134900.0,129598,6603660.0,66884100.0
1540166400000,9.9123,10.0788,9.6022,9.7207,7018573,1540771199999,69052700.0,68656,5004710.0,49201500.0
1540771200000,9.7207,9.8974,9.2811,9.819,5604885,1541375999999,53560200.0,76704,3286460.0,31364900.0
1541376000000,9.8084,9.9776,9.35,9.5611,5661617,1541980799999,54997800.0,88493,3642320.0,35398300.0
1541980800000,9.5586,9.5891,7.6846,8.0832,5136305,1542585599999,43834600.0,106181,2956310.0,25228600.0
1542585600000,8.0833,8.0918,4.532,5.2873,6670322,1543190399999,39550600.0,173001,3321720.0,19810100.0
1543190400000,5.28,5.6344,4.7045,5.2888,6205422,1543795199999,32361900.0,126532,3378260.0,17629500.0
1543795200000,5.2831,6.62,4.12,4.7693,15170293,1544399999999,82065200.0,242294,7440370.0,40121800.0
1544400000000,4.7693,5.15,4.43,4.616,7346676,1545004799999,34580000.0,116048,3909560.0,18394400.0
1545004800000,4.6193,6.1318,4.601,5.959,12625835,1545609599999,69354900.0,184696,7110280.0,39005000.0
1545609600000,5.9588,6.4735,5.1,5.8939,10134061,1546214399999,58048700.0,138825,5576410.0,31902700.0
1546214400000,5.9,6.3888,5.7402,6.2688,13261695,1546819199999,79423400.0,202486,6919660.0,41476800.0
1546819200000,6.2681,6.854,5.3733,5.4688,18871150,1547423999999,117603000.0,236229,9592340.0,59801500.0
1547424000000,5.4688,6.64,5.4586,6.4008,14717078,1548028799999,90860100.0,158161,8315160.0,51356000.0
1548028800000,6.4069,7.2157,6.25,7.0396,15243373,1548633599999,101092000.0,135373,8914380.0,59074200.0
1548633600000,7.0399,7.1398,5.94,6.7887,21711221,1549238399999,139941000.0,239671,11730200.0,75729400.0
1549238400000,6.7888,9.2999,6.68,9.1697,33784461,1549843199999,276043000.0,466397,18505400.0,151722000.0
1549843200000,9.1695,9.9,8.4051,9.22,26080634,1550447999999,239793000.0,465264,13642200.0,125497000.0
1550448000000,9.2167,11.2951,9.1777,9.9476,25845057,1551052799999,268109000.0,570052,13209300.0,136933000.0
1551052800000,9.9442,11.8701,9.2685,11.4511,26458356,1551657599999,274494000.0,518348,14031500.0,145665000.0
1551657600000,11.4511,15.56,10.85,14.3711,37867041,1552262399999,522470000.0,933711,19606000.0,270592000.0
1552262400000,14.3741,16.0,14.011,15.5693,23557328,1552867199999,355157000.0,442060,12834600.0,193571000.0
1552867200000,15.5836,17.5,13.8607,17.1096,22742058,1553471999999,351123000.0,515703,11920000.0,184238000.0
1553472000000,17.1112,17.7386,15.5301,17.5376,20440164,1554076799999,340419000.0,407797,11260900.0,187676000.0
1554076800000,17.5201,20.0,17.3319,18.9523,20347226,1554681599999,383242000.0,559720,10958500.0,206386000.0
1554681600000,18.9507,19.9,16.2501,19.3866,16256072,1555286399999,295849000.0,397934,8770220.0,159806000.0
1555286400000,19.3734,25.4973,18.6601,23.9999,21247847,1555891199999,464717000.0,616573,11686400.0,254646000.0
1555891200000,23.9999,24.6368,20.88,23.0226,21238860,1556495999999,488064000.0,626833,11434700.0,262984000.0
1556496000000,23.0166,24.127,21.2797,22.9777,15013846,1557100799999,338995000.0,455985,8055120.0,181814000.0
1557100800000,22.9777,22.9973,18.3,20.8934,18060300,1557705599999,372047000.0,785036,9028630.0,186105000.0
1557705600000,20.9026,29.8368,20.7349,29.1122,28207622,1558310399999,726060000.0,1215284,15037000.0,387217000.0
1558310400000,29.1122,35.4888,27.5306,33.0919,28848063,1558915199999,921147000.0,1181497,15627300.0,499706000.0
1558915200000,33.0508,35.1001,30.25,33.1527,25378056,1559519999999,840604000.0,951268,14406400.0,477499000.0
1559520000000,33.1343,33.1753,28.7168,30.095,20585814,1560124799999,638989000.0,776121,11570900.0,359729000.0
1560124800000,30.1174,36.3689,29.7286,32.1888,24792464,1560729599999,812893000.0,916339,14020200.0,459574000.0
1560729600000,32.1956,39.5941,32.1862,37.2836,24184242,1561334399999,872108000.0,816244,14050300.0,506269000.0
1561334400000,37.2665,38.0,32.02,32.114,16817047,1561939199999,597465000.0,816706,9153690.0,325626000.0
1561939200000,32.1141,34.3839,30.56,32.9344,11821462,1562543999999,386472000.0,622220,6530910.0,213788000.0
1562544000000,32.9326,34.2918,28.2666,28.5447,12856893,1563148799999,403782000.0,716108,6463670.0,203628000.0
1563148800000,28.5447,31.5281,24.1709,30.4388,27549312,1563753599999,776724000.0,1103963,13845300.0,391535000.0
1563753600000,30.4389,32.6,26.42,27.7555,15384981,1564358399999,451066000.0,696388,7858500.0,230177000.0
1564358400000,27.7556,28.7664,26.202,27.3834,10157129,1564963199999,280889000.0,461115,5115800.0,141339000.0
1564963200000,27.3834,31.8791,27.3011,30.2439,12412146,1565567999999,366164000.0,583832,6129250.0,180962000.0
1565568000000,30.2418,30.5936,26.7,27.8977,8268734,1566172799999,235579000.0,358231,4259020.0,121093000.0
1566172800000,27.9033,29.1779,25.57,26.0888,8066238,1566777599999,220835000.0,337482,3393470.0,92289300.0
1566777600000,26.0886,27.1908,20.8857,21.4248,10483136,1567382399999,246158000.0,409909,5328000.0,125355000.0
1567382400000,21.4195,23.5213,21.01,22.4111,11443402,1567987199999,255787000.0,458238,5978810.0,133685000.0
1567987200000,22.3747,22.4901,19.65,20.2901,8499818,1568591999999,179116000.0,304709,3931520.0,83068500.0
1568592000000,20.2901,23.17,19.8775,20.3602,11286872,1569196799999,239790000.0,395984,5944820.0,126279000.0
1569196800000,20.364,20.364,14.2555,15.1999,10946893,1569801599999,179664000.0,376172,5764100.0,94341700.0
1569801600000,15.187,16.28,14.62,15.0688,6659724,1570406399999,103730000.0,211403,3195640.0,49789600.0
1570406400000,15.0655,18.7699,14.8555,18.256,11858610,1571011199999,202032000.0,370461,6266500.0,106652000.0
1571011200000,18.256,19.17,17.3627,18.4997,12853424,1571615999999,235238000.0,411016,7055900.0,129121000.0
1571616000000,18.4897,19.7653,16.1213,19.2888,14724549,1572220799999,268400000.0,543949,7557670.0,137823000.0
1572220800000,19.2938,21.2378,19.1076,20.1874,12755223,1572825599999,256785000.0,473864,6356740.0,128036000.0
1572825600000,20.1725,20.9399,19.2609,20.4333,8680067,1573430399999,176598000.0,344870,4591060.0,93521800.0
1573430400000,20.4323,21.8,19.7497,20.194,8310374,1574035199999,171322000.0,346602,4487960.0,92529300.0
1574035200000,20.1889,20.1916,14.2846,14.9964,12981178,1574639999999,218826000.0,485635,6455490.0,109213000.0
1574640000000,15.0152,16.2998,13.88,15.4297,13461706,1575244799999,208349000.0,394893,7072860.0,109597000.0
1575244800000,15.4287,15.88,14.806,15.6121,9437479,1575849599999,145488000.0,294366,4979890.0,76839100.0
1575849600000,15.5947,15.799,14.1361,14.3949,6017813,1576454399999,89375900.0,266162,3268720.0,48486900.0
1576454400000,14.3946,14.4356,12.1111,13.7798,10679935,1577059199999,141428000.0,387773,5840130.0,77365500.0
1577059200000,13.7768,14.2186,12.85,14.104,8595967,1577663999999,115945000.0,284797,4728360.0,63857900.0
1577664000000,14.0984,14.3796,12.98,14.0532,8285096,1578268799999,114217000.0,255966,4517150.0,62297200.0
1578268800000,14.0488,15.4707,14.0168,15.3366,10677488,1578873599999,158313000.0,369923,5700840.0,84538500.0
1578873600000,15.337,18.495,14.9295,17.388,15883602,1579478399999,270217000.0,618021,8002920.0,136014000.0
1579478400000,17.3706,18.4,16.4288,17.499,10714059,1580083199999,185720000.0,391888,5689380.0,98609200.0
1580083200000,17.4919,18.88,17.2198,18.4333,11437515,1580687999999,206862000.0,542607,5976330.0,108081000.0
1580688000000,18.4333,24.3814,17.87,24.38,15643897,1581292799999,324393000.0,783068,8049720.0,166760000.0
1581292800000,24.3517,27.1905,21.8,23.3193,25259917,1581897599999,634412000.0,1218983,12481900.0,313856000.0
1581897600000,23.3193,24.4588,21.0,22.8452,18928001,1582502399999,428902000.0,745977,9834280.0,222847000.0
1582502400000,22.8267,23.255,17.7051,18.902,20473167,1583107199999,403100000.0,755218,10058900.0,198245000.0
1583107200000,18.9183,21.7628,16.7315,16.894,20386843,1583711999999,409053000.0,750250,10442200.0,209767000.0
1583712000000,16.8939,17.4775,6.38,10.3898,42315839,1584316799999,511450000.0,1400187,21028500.0,254093000.0
1584316800000,10.3808,13.65,8.4422,11.167,38560198,1584921599999,427971000.0,1139354,20330600.0,226025000.0
1584921600000,11.1494,13.3655,10.8427,11.3008,24536550,1585526399999,299354000.0,750789,12780800.0,156049000.0
1585526400000,11.3007,14.0561,11.2552,13.6888,33197169,1586131199999,429338000.0,804963,17050600.0,220659000.0
1586131200000,13.6888,15.49,13.47,14.2808,31318756,1586735999999,455420000.0,917043,15047000.0,218876000.0
1586736000000,14.2808,16.8183,13.6289,16.0683,26780929,1587340799999,414023000.0,1013428,11877300.0,182956000.0
1587340800000,16.0677,16.4666,14.6945,16.3588,22381716,1587945599999,354220000.0,723614,10597900.0,167719000.0
1587945600000,16.3645,18.1377,16.063,17.1071,23152311,1588550399999,394281000.0,834367,11401900.0,193535000.0
1588550400000,17.1027,17.4926,13.9129,15.3506,18881679,1589155199999,314552000.0,769647,9116020.0,151911000.0
1589155200000,15.3506,16.6982,14.01,16.2959,19307489,1589759999999,307160000.0,590479,10012600.0,158831000.0
1589760000000,16.2999,17.3396,15.7218,15.9624,18025356,1590364799999,299976000.0,507196,8778580.0,146201000.0
1590364800000,15.9457,18.1954,15.8057,17.0916,18018249,1590969599999,303171000.0,596206,8938740.0,149993000.0
1590969600000,17.0926,18.2,16.68,17.4135,16873784,1591574399999,295668000.0,584688,8619160.0,151135000.0
1591574400000,17.4134,17.5833,15.93,16.5729,12550988,1592179199999,213049000.0,435106,5447190.0,92124400.0
1592179200000,16.5728,16.6481,15.4,15.9775,10090531,1592783999999,163299000.0,414076,4369490.0,70899100.0
1592784000000,15.9792,16.6481,14.8,15.3782,9644868,1593388799999,153790000.0,400626,4178730.0,66806800.0
1593388800000,15.3714,15.9796,15.0743,15.4885,9490507,1593993599999,146977000.0,373369,3343270.0,51729500.0
1593993600000,15.4865,18.59,15.4401,18.2994,15040733,1594598399999,257229000.0,975899,7607460.0,130126000.0
1594598400000,18.3036,18.9999,16.5473,18.0154,15767801,1595203199999,279828000.0,1007294,7834480.0,138920000.0
1595203200000,18.0166,20.49,17.235,19.5557,17770882,1595807999999,331537000.0,1025338,8719430.0,163146000.0
1595808000000,19.5524,22.1832,18.4,20.9898,19892030,1596412799999,402059000.0,1242052,10018500.0,202840000.0
1596412800000,20.9899,23.54,20.7,22.422,18495170,1597017599999,415966000.0,1172521,8977860.0,201728000.0
1597017600000,22.4224,23.7884,20.571,23.529,20133532,1597622399999,448123000.0,1703875,10177300.0,226525000.0
1597622400000,23.5291,23.91,21.2814,21.8555,15334448,1598227199999,347667000.0,1236821,7122290.0,161626000.0
1598227200000,21.8575,23.83,20.9805,23.6208,15885355,1598831999999,358930000.0,1165772,8009260.0,180967000.0
1598832000000,23.625,25.8262,18.011,23.142,37321802,1599436799999,836185000.0,2126951,18518300.0,416070000.0
1599436800000,23.1612,32.4401,20.0,31.1656,39636068,1600041599999,1021670000.0,2211200,19768200.0,509424000.0
1600041600000,31.1656,33.3888,25.1247,26.316,36897853,1600646399999,1053750000.0,2409595,18397700.0,525789000.0
1600646400000,26.3167,26.9,22.1,26.251,23466631,1601251199999,573166000.0,1530395,11756700.0,287698000.0
1601251200000,26.2435,29.5646,25.6652,28.9668,24206589,1601855999999,672737000.0,1505351,11596500.0,322199000.0
1601856000000,28.9832,29.2814,26.4999,28.5271,16940809,1602460799999,476421000.0,1224067,8436070.0,237334000.0
1602460800000,28.52,31.9798,28.4338,30.6593,19953189,1603065599999,610544000.0,1369558,10146600.0,310592000.0
1603065600000,30.6568,31.3,28.5,30.128,14968235,1603670399999,451303000.0,1067969,6902730.0,207990000.0
1603670400000,30.1342,32.3788,27.5111,28.5318,16837921,1604275199999,503247000.0,1131182,8270700.0,247982000.0
1604275200000,28.5485,29.899,25.7499,28.4101,17284198,1604879999999,481912000.0,1249517,8704650.0,243118000.0
1604880000000,28.4101,28.9691,27.07,27.6786,12836154,1605484799999,359589000.0,1052067,6205640.0,173915000.0
1605484800000,27.6822,31.12,27.4461,30.0226,16655249,1606089599999,480292000.0,1600247,8492240.0,244980000.0
1606089600000,30.0291,35.4338,26.35,30.1045,28859695,1606694399999,887989000.0,2488416,14202400.0,437783000.0
1606694400000,30.1003,31.8875,28.6588,29.5026,15634076,1607299199999,473343000.0,1426049,7391860.0,223840000.0
1607299200000,29.4912,29.6685,26.7273,29.1571,10221937,1607903999999,288259000.0,1028147,4672080.0,131729000.0
1607904000000,29.1599,35.69,28.6669,34.3148,19730014,1608508799999,624353000.0,1833623,10163600.0,322332000.0
1608508800000,34.3072,35.6,30.0,33.674,23825336,1609113599999,783790000.0,2398518,11732500.0,386316000.0
1609113600000,33.6741,41.7017,33.3105,41.2575,25814349,1609718399999,975442000.0,2654523,13407100.0,506481000.0
1609718400000,41.256,45.162,38.02,42.4031,28177275,1610323199999,1181200000.0,3036366,14347100.0,601850000.0
1610323200000,42.4033,46.7228,35.0374,45.8675,27005968,1610927999999,1089770000.0,2855842,13775300.0,555824000.0
1610928000000,45.8645,47.2187,36.8518,41.8263,23352751,1611532799999,985794000.0,2584931,12129800.0,512374000.0
1611532800000,41.827,45.8269,39.6102,44.3292,19792183,1612137599999,841900000.0,2653605,10184300.0,433411000.0
1612137600000,44.3291,75.5,43.4331,68.3542,37217555,1612742399999,2213700000.0,5070243,18834500.0,1120720000.0
1612742400000,68.355,148.4,67.6152,135.862,56699060,1613347199999,6498440000.0,10292210,29116700.0,3332800000.0
1613347200000,135.862,348.697,118.0,295.26,73776522,1613951999999,17024300000.0,15824492,37270600.0,8610180000.0
1613952000000,294.917,296.0,186.1,210.214,64411762,1614556799999,15344300000.0,14540204,32232700.0,7683260000.0
1614556800000,210.118,264.9,209.12,240.11,31414136,1615161599999,7481280000.0,7720912,16170700.0,3851910000.0
1615161600000,240.104,315.285,228.703,263.238,35834733,1615766399999,9773480000.0,10317986,18337100.0,4999510000.0
1615766400000,263.35,277.8,240.199,264.651,18998675,1616371199999,4965400000.0,5982721,9553330.0,2497230000.0
1616371200000,264.715,281.394,224.969,268.426,21619006,1616975999999,5552170000.0,6607256,10981600.0,2821110000.0
1616976000000,268.623,356.988,264.458,348.862,27407915,1617580799999,8637880000.0,9241766,13919300.0,4393980000.0
1617580800000,348.871,529.211,335.844,525.927,30201123,1618185599999,12596300000.0,12992409,15264500.0,6369590000.0
1618185600000,525.927,638.567,428.0,481.437,32857119,1618790399999,17854500000.0,16271108,16473200.0,8958240000.0
1618790400000,481.511,613.898,450.0,505.0,35173543,1619395199999,18543900000.0,16934138,17783500.0,9388240000.0
1619395200000,505.0,645.57,501.5,621.78,20551330,1619999999999,11966800000.0,12006329,10537100.0,6135700000.0
1620000000000,621.77,680.0,604.14,661.74,17483132,1620604799999,11224700000.0,11482079,8868930.0,5695580000.0
1620604800000,661.74,691.77,526.6,564.32,21401409,1621209599999,13077200000.0,13206174,10740300.0,6567340000.0
1621209600000,564.66,564.66,211.7,260.72,49296347,1621814399999,17854500000.0,17269187,24616800.0,8935250000.0
1621814400000,260.72,388.28,257.4,325.57,37802907,1622419199999,12646600000.0,13843713,19035200.0,6368300000.0
1622419200000,325.55,433.0,307.55,393.73,27120350,1623023999999,10369200000.0,11718818,13652000.0,5223440000.0
1623024000000,393.82,407.42,319.18,365.8,20176310,1623628799999,7178820000.0,8090163,10095900.0,3593520000.0
1623628800000,365.81,379.58,310.13,339.08,10564232,1624233599999,3713410000.0,5047754,5307150.0,1866820000.0
1624233600000,339.09,342.0,225.42,290.87,21769858,1624838399999,6173820000.0,8215842,10931200.0,3101660000.0
1624838400000,290.89,315.6,276.4,307.62,10790154,1625443199999,3187550000.0,4440912,5482500.0,1620320000.0
1625443200000,307.63,340.0,291.0,322.16,9618280,1626047999999,3039790000.0,4904988,4900480.0,1549250000.0
1626048000000,322.17,334.37,290.24,302.1,9170851,1626652799999,2842790000.0,4753266,4570010.0,1416840000.0
1626652800000,302.04,307.79,254.52,302.56,10192344,1627257599999,2932490000.0,4961775,5199150.0,1496650000.0
1627257600000,302.56,347.8,297.61,332.59,10767147,1627862399999,3437030000.0,5432549,5553480.0,1773490000.0
1627862400000,332.63,359.87,317.02,341.79,8401937,1628467199999,2837730000.0,4413134,4262360.0,1439670000.0
1628467200000,341.79,418.8,333.15,414.05,10632248,1629071999999,4101770000.0,6902388,5377260.0,2075020000.0
1629072000000,414.05,460.0,385.47,448.68,11691223,1629676799999,4973600000.0,7050557,5954430.0,2534990000.0
1629676800000,448.69,518.94,445.89,479.7,12566089,1630281599999,6116460000.0,8332790,6336910.0,3085180000.0
1630281600000,479.7,509.9,448.2,504.8,8389933,1630886399999,4048770000.0,4854000,4284500.0,2069060000.0
1630886400000,504.9,509.0,369.0,416.3,11514964,1631491199999,4938720000.0,5669120,5661860.0,2428130000.0
1631491200000,416.4,438.0,383.0,408.6,7002108,1632095999999,2888610000.0,4034713,3549600.0,1464920000.0
1632096000000,408.5,410.1,320.0,344.0,9694668,1632700799999,3494900000.0,4647763,4754040.0,1713870000.0
1632700800000,344.0,438.2,330.0,430.5,8038969,1633305599999,3074170000.0,3930610,4066920.0,1556520000.0
1633305600000,430.5,450.0,402.0,404.1,7129814,1633910399999,3057000000.0,4576736,3591540.0,1540450000.0
1633910400000,404.0,484.7,392.2,470.9,10980441,1634515199999,4970420000.0,6033325,5566510.0,2520930000.0
1634515200000,471.0,505.9,466.0,475.8,7033536,1635119999999,3406670000.0,4930551,3608820.0,1748210000.0
1635120000000,475.8,540.5,435.3,524.6,7755454,1635724799999,3829130000.0,6371089,3980520.0,1967170000.0
1635724800000,524.6,669.3,511.0,649.6,9576613,1636329599999,5592880000.0,8070086,4909290.0,2864040000.0
1636329600000,649.5,662.9,573.0,650.8,7850317,1636934399999,4984380000.0,7048597,3902670.0,2478620000.0
1636934400000,650.7,659.5,510.0,584.0,9749130,1637539199999,5690010000.0,7221811,4791610.0,2795330000.0
1637539200000,584.0,657.9,553.8,611.3,9837940,1638143999999,5860400000.0,7046359,4941770.0,2944080000.0
1638144000000,611.4,649.8,489.2,557.8,10081003,1638748799999,5986490000.0,6770133,5000470.0,2972980000.0
1638748800000,557.7,617.0,533.0,570.3,7811654,1639353599999,4472860000.0,5393844,3952600.0,2263410000.0
1639353600000,570.3,572.2,501.6,529.8,6226378,1639958399999,3299890000.0,4335409,3089220.0,1637630000.0
1639958400000,529.8,554.4,505.6,546.4,4637530,1640563199999,2483110000.0,3380776,2348830.0,1258020000.0
1640563200000,546.5,572.0,506.0,531.0,4713806,1641167999999,2513060000.0,3239227,2337800.0,1247270000.0
1641168000000,531.0,532.8,415.0,438.7,6405926,1641772799999,3011230000.0,3613984,3112160.0,1462270000.0
1641772800000,438.8,506.0,405.6,498.6,6084466,1642377599999,2825490000.0,3670262,3029690.0,1407460000.0
1642377600000,498.6,499.1,336.3,383.9,9012746,1642982399999,3711490000.0,4531233,4448860.0,1832480000.0
1642982400000,384.0,402.4,336.0,377.2,6765237,1643587199999,2523830000.0,3488669,3367260.0,1256610000.0
1643587200000,377.2,431.0,359.6,419.9,4667020,1644191999999,1824000000.0,2625948,2356720.0,921672000.0
1644192000000,419.9,445.4,390.5,397.9,5107504,1644796799999,2130660000.0,3037916,2532910.0,1057440000.0
1644796800000,398.0,443.0,375.0,380.6,4570846,1645401599999,1877410000.0,2543892,2250700.0,925360000.0
1645401600000,380.7,393.7,323.5,360.1,6817133,1646006399999,2473950000.0,3042487,3358320.0,1219130000.0
1646006400000,360.1,424.9,355.8,375.0,5241488,1646611199999,2069090000.0,2744221,2615750.0,1032990000.0
1646611200000,375.0,402.7,360.1,361.4,4738384,1647215999999,1798800000.0,2297202,2359250.0,896075000.0
1647216000000,361.4,406.4,359.5,390.8,3559786,1647820799999,1365070000.0,1984826,1834460.0,703711000.0
1647820800000,390.8,431.6,384.8,430.5,3665620,1648425599999,1497130000.0,2018832,1893360.0,773261000.0
1648425600000,430.6,455.7,412.8,450.4,5551702,1649030399999,2435160000.0,3010935,2817410.0,1236170000.0
1649030400000,450.4,460.0,416.2,418.1,4572075,1649635199999,1991460000.0,2492462,2266320.0,987495000.0
1649635200000,418.1,426.9,391.2,406.6,3551853,1650239999999,1465230000.0,1840938,1783110.0,735685000.0
1650240000000,406.7,431.4,396.2,398.8,3871066,1650844799999,1599990000.0,1892856,1943150.0,803563000.0
1650844800000,398.8,410.7,375.5,389.9,4827254,1651449599999,1902240000.0,2182497,2373250.0,935428000.0
1651449600000,389.9,413.6,349.5,355.9,4708895,1652054399999,1795650000.0,2181132,2330510.0,889868000.0
1652054400000,355.9,359.3,218.8,312.4,15965571,1652659199999,4641170000.0,6139671,7883040.0,2293380000.0
1652659200000,312.4,323.7,286.8,319.4,5115791,1653263999999,1554190000.0,2309170,2558000.0,777185000.0
1653264000000,319.3,337.9,290.6,305.8,7282239,1653868799999,2294020000.0,2508907,3596510.0,1133310000.0
1653868800000,305.9,324.8,293.3,299.1,4036555,1654473599999,1251500000.0,1892459,2026010.0,628205000.0
1654473600000,299.1,312.3,251.1,254.8,4803011,1655078399999,1364550000.0,2184977,2405380.0,684134000.0
1655078400000,254.8,257.8,183.4,215.1,10578296,1655683199999,2286650000.0,3412080,5219880.0,1129030000.0
1655683200000,215.1,245.2,204.8,233.9,4838654,1656287999999,1088430000.0,1952700,2471550.0,556056000.0
1656288000000,234.0,242.8,205.4,219.2,4139628,1656892799999,920909000.0,1734086,2125000.0,472733000.0
1656892800000,219.2,247.7,214.8,234.7,3641162,1657497599999,855601000.0,1486287,1845990.0,433807000.0
1657497600000,234.7,256.1,216.4,247.8,3428032,1658102399999,802396000.0,1522551,1745190.0,408763000.0
1658102400000,247.8,274.8,247.6,261.4,4340862,1658707199999,1140650000.0,1956151,2219290.0,583374000.0
1658707200000,261.4,302.0,239.6,283.4,4476546,1659311999999,1234540000.0,2202731,2241770.0,618059000.0
1659312000000,283.5,325.9,274.2,322.8,4067377,1659916799999,1225030000.0,2127378,2047380.0,617016000.0
1659916800000,322.7,336.8,312.4,317.6,3629865,1660521599999,1182350000.0,1918072,1855710.0,604681000.0
1660521600000,317.6,327.4,276.2,301.9,3651655,1661126399999,1095620000.0,1884068,1813380.0,544037000.0
1661126400000,301.9,307.5,273.3,276.5,3105336,1661731199999,908462000.0,1646010,1573270.0,460508000.0
1661731200000,276.5,292.0,270.7,279.1,2385915,1662335999999,668818000.0,1268563,1206910.0,338362000.0
1662336000000,279.1,298.6,258.6,295.3,2848564,1662940799999,802329000.0,1473522,1461450.0,411943000.0
1662940800000,295.3,300.0,263.1,266.2,2761948,1663545599999,774892000.0,1468430,1383210.0,388207000.0
1663545600000,266.3,285.0,256.7,274.3,2627926,1664150399999,710648000.0,1369907,1336600.0,361557000.0
1664150400000,274.3,289.8,266.3,284.7,2123245,1664755199999,594249000.0,1309879,1086170.0,304100000.0
1664755200000,284.7,298.2,275.1,278.2,1978019,1665359999999,567508000.0,1096030,967897.0,277847000.0
1665360000000,278.2,279.2,256.8,272.5,1775745,1665964799999,479003000.0,1152931,867749.0,234140000.0
1665964800000,272.4,276.8,263.4,276.0,1116540,1666569599999,303028000.0,879814,567376.0,154054000.0
1666569600000,275.9,318.8,271.6,313.5,2682768,1667174399999,791653000.0,1654675,1402700.0,413836000.0
1667174400000,313.6,361.3,306.5,337.9,4335976,1667779199999,1449220000.0,2692293,2204520.0,737087000.0
1667779200000,337.8,398.3,260.2,276.4,8839481,1668383999999,2758790000.0,5816074,4428170.0,1385600000.0
1668384000000,276.4,292.0,261.8,264.2,2813632,1668988799999,771558000.0,2044550,1404770.0,385299000.0
1668988800000,264.2,317.8,250.0,307.6,4058442,1669593599999,1177480000.0,2295325,2031280.0,589478000.0
1669593600000,307.7,309.6,285.4,291.8,3134980,1670198399999,925611000.0,1871855,1584300.0,467840000.0
1670198400000,291.8,297.2,281.1,284.4,1849642,1670803199999,533036000.0,1113717,936381.0,269935000.0
1670803200000,284.5,285.8,220.0,251.0,4939963,1671407999999,1272060000.0,2194402,2420470.0,623178000.0
1671408000000,251.1,253.5,236.8,243.2,1567522,1672012799999,386166000.0,936830,797012.0,196409000.0
1672012800000,243.2,248.9,241.5,244.4,1056350,1672617599999,258474000.0,715782,537043.0,131445000.0
1672617600000,244.5,276.5,240.7,274.9,1355825,1673222399999,347361000.0,914710,695330.0,178246000.0
1673222400000,274.9,314.4,270.2,302.2,2664069,1673827199999,771692000.0,2023182,1389130.0,402428000.0
1673827200000,302.2,311.4,281.1,303.0,2788216,1674431999999,831907000.0,2044157,1421020.0,424142000.0
1674432000000,303.1,323.5,293.4,317.2,2652831,1675036799999,818008000.0,1938200,1329200.0,409826000.0
1675036800000,317.1,337.8,302.0,327.8,2858614,1675641599999,920050000.0,2042385,1431000.0,460722000.0
1675641600000,327.8,335.8,302.0,312.6,2150122,1676246399999,685799000.0,1627304,1058600.0,337727000.0
1676246400000,312.6,327.8,282.8,311.5,4011974,1676851199999,1229520000.0,2273225,2014060.0,617744000.0
1676851200000,311.5,319.8,295.5,308.7,2227315,1677455999999,690032000.0,1700699,1100960.0,341249000.0
1677456000000,308.7,309.4,285.8,288.7,1345835,1678060799999,400609000.0,1182958,654330.0,194836000.0
1678060800000,288.8,294.3,265.0,288.1,2076654,1678665599999,582459000.0,1614803,1056170.0,296071000.0
1678665600000,288.1,346.3,286.1,336.7,5151419,1679270399999,1648360000.0,3249216,2680790.0,857842000.0
1679270400000,336.7,339.9,316.0,328.6,3487107,1679875199999,1147380000.0,2326852,1828010.0,601568000.0
1679875200000,328.6,329.8,305.9,313.7,2332857,1680479999999,734780000.0,1717764,1193890.0,376059000.0
1680480000000,313.8,316.8,299.5,312.8,1819140,1681084799999,565665000.0,1385156,919885.0,286089000.0
1681084800000,312.8,350.0,311.5,347.7,3365891,1681689599999,1106740000.0,1875349,1762330.0,579333000.0
1681689600000,347.7,350.0,315.3,330.7,3530210,1682294399999,1169190000.0,2179570,1760290.0,583199000.0
1682294400000,330.6,345.0,318.7,337.5,3971302,1682899199999,1310410000.0,2297183,1977050.0,652625000.0
1682899200000,337.5,339.6,319.5,321.0,2724468,1683503999999,889870000.0,1775263,1332520.0,435329000.0
1683504000000,321.0,322.1,301.2,312.1,1963402,1684108799999,611729000.0,1527949,946338.0,294798000.0
1684108800000,312.1,316.3,305.7,306.4,1282786,1684713599999,399013000.0,1046995,640342.0,199240000.0
1684713600000,306.4,315.4,301.4,314.1,1828492,1685318399999,562541000.0,1026365,896363.0,275858000.0
1685318400000,314.2,317.3,303.0,305.0,2092736,1685923199999,646670000.0,1037059,1095520.0,338549000.0
1685923200000,305.1,305.1,228.4,235.4,6088649,1686527999999,1590880000.0,2264574,3052470.0,796881000.0
1686528000000,235.4,252.8,220.4,244.1,5796155,1687132799999,1378680000.0,2143647,2901130.0,689714000.0
1687132800000,244.1,257.0,230.4,238.8,5046088,1687737599999,1233990000.0,1828174,2538340.0,620811000.0
1687737600000,238.9,249.0,224.6,246.5,4046549,1688342399999,966101000.0,1630018,1993220.0,475757000.0
1688342400000,246.5,254.7,231.1,234.1,3482579,1688947199999,839710000.0,1495750,1708890.0,412161000.0
1688947200000,234.1,261.7,231.3,242.3,5379098,1689551999999,1335540000.0,1918988,2660900.0,660771000.0
1689552000000,242.3,246.7,237.5,242.5,3270866,1690156799999,792497000.0,1229477,1642100.0,397941000.0
1690156800000,242.4,244.5,235.0,242.5,1989893,1690761599999,477365000.0,754212,1007140.0,241656000.0
1690761600000,242.6,248.8,235.7,243.2,2809793,1691366399999,682402000.0,921901,1433620.0,348237000.0
1691366400000,243.1,248.0,238.0,240.2,1770054,1691971199999,429235000.0,748694,878388.0,213051000.0
1691971200000,240.2,241.5,212.5,216.5,3238176,1692575999999,730198000.0,1215937,1549780.0,349061000.0
1692576000000,216.6,221.2,203.4,218.4,3387365,1693180799999,721684000.0,1002388,1693810.0,360977000.0
1693180800000,218.4,234.8,211.2,214.4,2571653,1693785599999,566358000.0,888836,1264400.0,278407000.0
1693785600000,214.4,218.8,211.1,212.4,1708117,1694390399999,366698000.0,632396,846151.0,181695000.0
1694390400000,212.4,216.8,203.9,216.5,2693862,1694995199999,570004000.0,854862,1381280.0,292496000.0
1694995200000,216.4,221.3,206.5,208.3,2269031,1695599999999,486728000.0,704287,1137050.0,243947000.0
1695600000000,208.3,219.4,206.5,218.2,2322608,1696204799999,496582000.0,768253,1176330.0,251556000.0
1696204800000,218.2,221.6,208.8,211.4,2058432,1696809599999,440195000.0,751622,1013250.0,216762000.0
1696809600000,211.3,213.1,202.0,209.7,2742434,1697414399999,567728000.0,871858,1373640.0,284452000.0
1697414400000,209.8,219.0,208.2,217.8,2581376,1698019199999,550383000.0,918725,1321310.0,281786000.0
1698019200000,217.8,238.1,216.9,227.1,4791436,1698623999999,1081870000.0,1650781,2377030.0,536875000.0
1698624000000,227.1,245.5,222.3,244.0,3776410,1699228799999,872137000.0,1566355,1889610.0,436931000.0
1699228800000,244.0,258.0,240.0,247.4,5721613,1699833599999,1426330000.0,2174385,2878590.0,717675000.0
1699833600000,247.5,256.0,233.7,246.4,5570203,1700438399999,1368320000.0,1850883,2746330.0,674833000.0
1700438400000,246.5,271.9,224.0,231.7,9451532,1701043199999,2303260000.0,3026159,4673200.0,1139490000.0
1701043200000,231.8,232.9,222.5,228.1,3632739,1701647999999,828279000.0,1180721,1804440.0,411485000.0
1701648000000,228.1,245.5,224.8,239.8,6026316,1702252799999,1408630000.0,1982778,3047010.0,712424000.0
1702252800000,239.8,257.3,228.0,238.8,7421210,1702857599999,1833090000.0,2430604,3675240.0,908289000.0
1702857600000,238.9,276.5,232.0,264.5,6797754,1703462399999,1756820000.0,2452855,3402880.0,879356000.0
1703462400000,264.4,338.3,261.5,311.8,9837553,1704067199999,3021100000.0,3662571,4965540.0,1524450000.0
1704067200000,311.9,334.3,293.6,302.4,7387935,1704671999999,2325120000.0,2749039,3667600.0,1155110000.0
1704672000000,302.5,316.8,288.8,299.5,6431428,1705276799999,1947730000.0,2284626,3208180.0,971867000.0
1705276800000,299.4,321.7,299.4,318.6,6169735,1705881599999,1937550000.0,1941083,3094950.0,972170000.0
1705881600000,318.7,320.3,287.5,305.3,4843806,1706486399999,1451830000.0,1533435,2407980.0,721859000.0
1706486400000,305.3,313.1,296.4,304.7,2673090,1707091199999,813892000.0,1047292,1311680.0,399531000.0
1707091200000,304.7,326.3,299.5,320.7,3364316,1707695999999,1057360000.0,1244338,1661670.0,522357000.0
1707696000000,320.6,366.8,315.6,349.8,5020128,1708300799999,1738060000.0,1905273,2472110.0,855479000.0
1708300800000,349.8,391.0,344.8,388.5,7030112,1708905599999,2599350000.0,2474000,3449500.0,1275640000.0
1708905600000,388.5,427.3,382.0,414.5,6621042,1709510399999,2680480000.0,3024091,3257590.0,1318930000.0
1709510400000,414.5,537.5,356.1,528.9,11052071,1710115199999,4993940000.0,4883352,5541120.0,2505940000.0
1710115200000,528.9,645.2,505.5,571.7,14769528,1710719999999,8492720000.0,7200294,7335480.0,4217640000.0
1710720000000,571.7,588.1,495.8,567.7,9447863,1711324799999,5142390000.0,4991124,4708240.0,2563470000.0
1711324800000,567.8,620.0,560.3,606.7,4276148,1711929599999,2538420000.0,3337828,2202270.0,1307480000.0
1711929600000,606.7,607.7,539.0,583.9,4409973,1712534399999,2527520000.0,3110833,2192440.0,1256540000.0
1712534400000,583.8,634.5,508.0,566.4,6720412,1713139199999,3908960000.0,5005514,3409130.0,1985440000.0
1713139200000,566.4,585.5,512.6,579.6,3635112,1713743999999,2000380000.0,2824692,1828000.0,1006620000.0
1713744000000,579.6,618.5,578.4,600.2,3019438,1714348799999,1822710000.0,2496957,1522770.0,919354000.0
1714348800000,600.2,604.3,536.7,592.0,2846303,1714953599999,1626200000.0,2085409,1428370.0,816033000.0
1714953600000,592.0,605.8,574.4,594.8,2028136,1715558399999,1198720000.0,1714017,1037600.0,613378000.0
1715558400000,594.8,598.4,560.0,574.5,2205020,1716163199999,1277600000.0,1851447,1079320.0,625748000.0
1716163200000,574.6,631.4,568.8,600.2,3001821,1716767999999,1816890000.0,2378414,1535710.0,929764000.0
1716768000000,600.3,614.4,586.5,602.9,1475697,1717372799999,884382000.0,1599874,746597.0,447579000.0
1717372800000,602.8,721.8,601.2,673.0,3593517,1717977599999,2422550000.0,2847742,1833620.0,1234080000.0
1717977600000,673.1,674.8,590.0,610.8,2607672,1718582399999,1612780000.0,3146269,1243490.0,768826000.0
1718582400000,610.9,612.6,575.0,577.5,1677327,1719187199999,993045000.0,2179414,845320.0,500459000.0
1719187200000,577.5,585.3,551.2,582.2,1368722,1719791999999,783724000.0,1840513,689226.0,394860000.0
1719792000000,582.3,588.3,454.8,490.7,2631055,1720396799999,1362490000.0,2843213,1282330.0,664448000.0
1720396800000,490.7,547.7,471.0,544.8,1770143,1721001599999,917929000.0,2602675,879202.0,456104000.0
1721001600000,544.9,603.4,543.8,602.5,1755079,1721606399999,1015690000.0,2948439,901936.0,522342000.0
1721606400000,602.5,605.6,553.1,583.9,1306909,1722211199999,757986000.0,1815862,632486.0,366933000.0
1722211200000,583.9,598.0,486.5,496.9,1773590,1722815999999,981147000.0,2683097,833386.0,461536000.0
1722816000000,496.9,535.8,400.0,503.4,3709798,1723420799999,1728900000.0,4290290,1783930.0,833285000.0
1723420800000,503.5,547.7,499.2,531.2,1510751,1724025599999,789555000.0,2504906,774370.0,404889000.0
1724025600000,531.3,600.6,529.1,573.9,2274877,1724630399999,1300710000.0,3626346,1130160.0,646440000.0
1724630400000,573.9,575.6,507.7,512.4,1512520,1725235199999,817251000.0,3371689,726241.0,392401000.0
1725235200000,512.3,538.4,471.3,503.1,1734345,1725839999999,877820000.0,3828153,838358.0,424605000.0
1725840000000,503.2,561.9,501.7,553.4,1467335,1726444799999,787125000.0,3297363,758468.0,407308000.0
1726444800000,553.4,594.6,527.0,588.7,1641662,1727049599999,920709000.0,3486347,837145.0,470063000.0
1727049600000,588.7,618.6,580.8,595.6,1972362,1727654399999,1186150000.0,3756357,994655.0,598381000.0
1727654400000,595.6,595.8,534.3,570.3,1721219,1728259199999,960222000.0,4007700,853893.0,476836000.0
1728259200000,570.4,586.8,551.5,572.2,1441567,1728863999999,826450000.0,3819038,706559.0,405163000.0
1728864000000,572.3,607.3,558.9,605.9,1370516,1729468799999,812343000.0,3801440,704487.0,417762000.0
1729468800000,605.9,611.8,565.8,589.2,1319775,1730073599999,779034000.0,3558073,658136.0,388598000.0
1730073600000,589.3,612.2,547.0,557.7,1560714,1730678399999,913191000.0,4148683,737417.0,432110000.0
1730678400000,557.7,644.2,543.6,627.33,3293634,1731283199999,1990430000.0,7575248,1633160.0,987698000.0
1731283200000,627.34,667.4,598.6,618.9,5966782,1731887999999,3747900000.0,12450249,2883330.0,1812620000.0
1731888000000,618.93,687.75,593.05,659.65,4530683,1732492799999,2882260000.0,11499370,2216390.0,1411790000.0
1732492800000,659.65,677.2,600.02,655.99,4322670,1733097599999,2788330000.0,10235164,2060390.0,1328790000.0
1733097600000,656.0,793.86,622.85,742.0,7134889,1733702399999,5112100000.0,13717382,3556810.0,2551050000.0
1733702400000,742.0,742.5,642.0,718.87,4329593,1734307199999,3035890000.0,10233911,2128250.0,1493730000.0
1734307200000,718.87,737.37,618.69,649.77,4399047,1734911999999,3012780000.0,9767949,2139540.0,1467670000.0
1734912000000,649.77,731.24,638.1,694.71,2539847,1735516799999,1763720000.0,6135471,1268380.0,881491000.0
1735516800000,694.71,721.84,687.75,709.29,1535089,1736121599999,1083890000.0,4251573,789760.0,557774000.0
1736121600000,709.29,745.29,674.72,693.34,1953166,1736726399999,1373570000.0,5462448,978524.0,688548000.0
1736726400000,693.35,729.97,660.0,683.19,2470394,1737331199999,1725350000.0,6461835,1218490.0,851998000.0
1737331200000,683.2,709.38,664.64,667.37,2128716,1737935999999,1463400000.0,6774527,1075280.0,739560000.0
1737936000000,667.36,689.44,600.0,617.8,1965023,1738540799999,1294270000.0,7068117,922490.0,608494000.0
1738540800000,617.8,648.13,500.0,615.81,3939397,1739145599999,2318840000.0,11696883,1939470.0,1142920000.0
1739145600000,615.81,732.0,596.24,673.1,4706424,1739750399999,3159410000.0,13839692,2448390.0,1645500000.0
1739750400000,673.1,682.29,629.65,658.42,2040308,1740355199999,1341110000.0,7410386,1030250.0,677384000.0
1740355200000,658.41,659.56,559.71,623.94,3093458,1740959999999,1878770000.0,11853228,1527710.0,928331000.0
1740960000000,623.94,624.36,546.83,554.65,2069695,1741564799999,1214230000.0,9480175,1021880.0,600139000.0
1741564800000,554.65,622.8,507.0,602.2,2839857,1742169599999,1620280000.0,9857736,1458130.0,833578000.0
1742169600000,602.21,643.72,602.04,623.79,2571586,1742774399999,1612880000.0,7145136,1341290.0,841573000.0
1742774400000,623.8,644.88,593.58,602.2,2595532,1743379199999,1629810000.0,6381421,1324730.0,832637000.0
1743379200000,602.2,618.54,544.17,555.54,2323144,1743983999999,1388690000.0,6949836,1149160.0,687373000.0
1743984000000,555.55,600.48,520.0,584.28,2157941,1744588799999,1218100000.0,7873147,1107030.0,625796000.0
1744588800000,584.29,596.08,576.0,592.77,1025383,1745193599999,602771000.0,3509734,532863.0,313304000.0
1745193600000,592.77,619.99,592.53,603.46,1492478,1745798399999,903189000.0,4693541,748842.0,453193000.0
1745798400000,603.46,610.75,584.7,586.03,1133474,1746403199999,680710000.0,3347678,550330.0,330625000.0
1746403200000,586.02,678.95,583.55,651.15,2239399,1747007999999,1413230000.0,6160079,1175470.0,740538000.0
1747008000000,651.15,693.0,634.39,651.53,2138334,1747612799999,1404500000.0,7158170,1047000.0,687947000.0
1747612800000,651.54,691.35,633.51,669.44,1919045,1748217599999,1277790000.0,5940986,986162.0,657135000.0
1748217600000,669.45,697.73,645.04,660.77,1488083,1748822399999,1003620000.0,5380093,742235.0,500734000.0
1748822400000,660.77,673.43,625.44,652.0,1030683,1749427199999,674669000.0,4079962,513377.0,336238000.0
1749427200000,652.0,674.8,639.0,648.19,1030964,1750031999999,678519000.0,4187178,534354.0,351896000.0
1750032000000,648.19,659.46,601.25,615.81,1061619,1750636799999,679067000.0,4019869,530352.0,339501000.0
1750636800000,615.81,656.0,615.05,654.9,836026,1751241599999,535044000.0,3251532,454180.0,290634000.0
1751241600000,654.9,664.99,643.71,663.13,631389,1751846399999,414758000.0,2515284,335892.0,220680000.0
1751846400000,663.13,697.24,656.77,692.0,996191,1752451199999,676158000.0,3699759,532864.0,361533000.0
1752451200000,692.01,765.56,675.3,756.82,2088286,1753055999999,1506750000.0,7905792,1095380.0,790553000.0
1753056000000,756.82,847.12,742.62,844.0,2580147,1753660799999,2015450000.0,9952715,1339350.0,1047670000.0
1753660800000,844.0,861.1,730.01,751.21,2395541,1754265599999,1913810000.0,9933984,1176130.0,941358000.0
1754265600000,751.21,819.44,745.11,807.22,1263186,1754870399999,984704000.0,5551753,653849.0,509909000.0
1754870400000,807.22,869.4,792.0,855.38,2105058,1755475199999,1759760000.0,8407939,1085710.0,908390000.0
1755475200000,855.38,900.71,818.57,876.51,2045208,1756079999999,1757900000.0,9111883,1053770.0,906352000.0
1756080000000,876.51,881.36,829.59,857.65,1258916,1756684799999,1082370000.0,6960673,624388.0,536971000.0
1756684800000,857.66,884.05,840.0,880.05,1044797,1757289599999,893717000.0,4486293,536391.0,459056000.0
